Position,Company,Location,URL
라인프렌즈 2022년 각 부문 수시의 전체 세부 정보,라인프렌즈,서울 용산구,https://kr.indeed.com/rc/clk?jk=1015284880e2ff62&fccid=b6f22bcb6078a2c4&vjs=3
AI분야 경력직의 전체 세부 정보,SK에코플랜트,서울 종로구,https://kr.indeed.com/rc/clk?jk=fd006fbd9b1c4588&fccid=f54fcd41cb25beae&vjs=3
한국제약바이오협회 인공지능(AI)신약개발지원센터의 전체 세부 정보,한국제약바이오협회,서울 서초구,https://kr.indeed.com/rc/clk?jk=1cba249a2537932a&fccid=4f24ccf025b836ae&vjs=3
IT부문 신입/경력 직원 수시의 전체 세부 정보,한국전자금융,서울 마포구,https://kr.indeed.com/rc/clk?jk=5179fa6854eda515&fccid=05b9e3e68be655f0&vjs=3
AI 데이터 분석 기반의 디지털 마케팅 전문가의 전체 세부 정보,에스케이텔레콤,서울 중구,https://kr.indeed.com/rc/clk?jk=9f612630a7cf1bfd&fccid=ce2f0f28b40a5be8&vjs=3
[반짝] 연봉7천이상 팀장급 개발자(python/Java /My-SQL 등)의 전체 세부 정보,펫이지,서울 종로구,https://kr.indeed.com/rc/clk?jk=ee36d59247206712&fccid=156bb0350f6796cc&vjs=3
클라우드 플랫폼 운영 엔지니어의 전체 세부 정보,NHN Enterprise,성남 판교역,https://kr.indeed.com/rc/clk?jk=40e20a58af1e44ee&fccid=a72ebaf825acf7af&vjs=3
2022년 상반기 백엔드 개발자의 전체 세부 정보,반달소프트,성남 분당구,https://kr.indeed.com/rc/clk?jk=1601f1bfe3302af5&fccid=f35f7fc5e918087a&vjs=3
Data Scientist의 전체 세부 정보,한국아이비엠,서울 영등포구,https://kr.indeed.com/rc/clk?jk=55d24724e542048c&fccid=6a140d57f361e18b&vjs=3
백엔드 엔지니어 (Python/Javascript)의 전체 세부 정보,시스메틱,서울 영등포구,https://kr.indeed.com/rc/clk?jk=dc4b5e342e7ae6a0&fccid=6cc748c560420a2e&vjs=3
빅데이터  Python 외 신입/경력 정규직의 전체 세부 정보,국제도시물정보과학연구원,인천 연수구,https://kr.indeed.com/rc/clk?jk=abd6851cae93aec5&fccid=eb72b76e34326786&vjs=3
한국필립모리스 2022년 상반기 수시의 전체 세부 정보,한국필립모리스㈜,서울 영등포구,https://kr.indeed.com/rc/clk?jk=44e9ac7f0f94e784&fccid=fb7e65f74b012d18&vjs=3
일진씨앤에스 부문별의 전체 세부 정보,일진씨앤에스,서울 마포구,https://kr.indeed.com/rc/clk?jk=f91ebe4b632bd19a&fccid=9fa76e840cc90bc6&vjs=3
AI Researcher의 전체 세부 정보,크래프트테크놀로지스,서울 영등포구,https://kr.indeed.com/rc/clk?jk=43dd12c5e6492b5e&fccid=2775f62c77fd9b9e&vjs=3
[FrontEnd] 웹서비스 프론트엔드 개발자의 전체 세부 정보,한국카카오은행,성남 분당구,https://kr.indeed.com/rc/clk?jk=40a3dd67769762b7&fccid=aea6a13a3459fdb2&vjs=3
[포티투마루] 인공지능(AI) 개발자 전 부문의 전체 세부 정보,포티투마루,서울 서초구,https://kr.indeed.com/rc/clk?jk=22ffe020e40de675&fccid=b6cebf2e7d619f07&vjs=3
현대모비스 채용연계형 SW아카데미 2기 교육생 모집[신입/ 경력]의 전체 세부 정보,현대자동차그룹,대한민국,https://kr.indeed.com/rc/clk?jk=c8f166e4f69b253a&fccid=980d6ecc399a3373&vjs=3
[Data] 데이터웨어하우스 운영 담당자의 전체 세부 정보,한국카카오은행,성남 분당구,https://kr.indeed.com/rc/clk?jk=99f478ced2075731&fccid=aea6a13a3459fdb2&vjs=3
Digital Human 을 위한 AI 연구자/엔지니어 모집의 전체 세부 정보,엔씨소프트,성남 판교역,https://kr.indeed.com/rc/clk?jk=5288a5c69a3b3df4&fccid=a1e4e21b1f33cf40&vjs=3
Customer Engineer  Data Analytics  Digital Natives의 전체 세부 정보,구글코리아,서울 강남구,https://kr.indeed.com/rc/clk?jk=033d5ec091d9df41&fccid=28712efe9a7c8d8a&vjs=3
모바일 운영서비스 빌드/배포/테스트 자동화 개발자의 전체 세부 정보,브롤브,서울 마포구,https://kr.indeed.com/rc/clk?jk=8d8becaac19b958f&fccid=afec38da7bea35e0&vjs=3
[NICE페이먼츠] 22년 신입/경력 상시의 전체 세부 정보,나이스페이먼츠,서울 마포구,https://kr.indeed.com/rc/clk?jk=a07969e108fd0445&fccid=6df96dee14918ee8&vjs=3
[Data] 데이터 엔지니어 (플랫폼)의 전체 세부 정보,한국카카오은행,성남 분당구,https://kr.indeed.com/rc/clk?jk=844ed2720a0bc769&fccid=aea6a13a3459fdb2&vjs=3
GAMMA Data Scientist의 전체 세부 정보,Boston Consulting Group,서울,https://kr.indeed.com/rc/clk?jk=454b092c4e6301f5&fccid=b95f9eb47968fa13&vjs=3
Data Scientist의 전체 세부 정보,Toss,서울,https://kr.indeed.com/rc/clk?jk=9cb8324539546a71&fccid=18c4935c8ec646d5&vjs=3
빅데이터  데이터분석 외 신입/경력 인턴의 전체 세부 정보,레드테이블,서울 중구,https://kr.indeed.com/rc/clk?jk=4ccea14b4d592c8b&fccid=ace798f3c93e0fc7&vjs=3
소프트웨어 개발분야(컴퓨터 전공) 신입 및 경력의 전체 세부 정보,케이엠아이시스템,성남 중원구,https://kr.indeed.com/rc/clk?jk=9e7650d0feeae2be&fccid=3fb7a91c819552e1&vjs=3
[선행기술원] Quantum Information - 양자 알고리즘[책임연구원]의 전체 세부 정보,현대자동차그룹,성남 판교역,https://kr.indeed.com/rc/clk?jk=95bead20034b3ade&fccid=980d6ecc399a3373&vjs=3
[외국계 스타트업 미소] Business Analyst Intern (정규직 전환형)의 전체 세부 정보,유한회사 미소,서울,https://kr.indeed.com/rc/clk?jk=4c25d6649f8434a8&fccid=02936474a8d39137&vjs=3
머신러닝(Machine Learning) 엔지니어 - 미국계 기업의 전체 세부 정보,에스에프인촌,서울 서초구,https://kr.indeed.com/rc/clk?jk=053fa28f87c52755&fccid=629bf66c8ed71fe3&vjs=3
[Cloud] 클라우드 엔지니어의 전체 세부 정보,한국카카오은행,성남 분당구,https://kr.indeed.com/rc/clk?jk=1f8ef233576a62da&fccid=aea6a13a3459fdb2&vjs=3
[클라우드시스템엔지니어링] 시스템 엔지니어 영입의 전체 세부 정보,카카오엔터프라이즈,성남 분당구,https://kr.indeed.com/rc/clk?jk=64cf858fd8d27c42&fccid=e19aa33fc391b310&vjs=3
자율 주행  로봇 SW 개발자의 전체 세부 정보,에바,성남 수정구,https://kr.indeed.com/rc/clk?jk=e30fe92d72ceb17c&fccid=5cc87f5890bd7170&vjs=3
연구소 R&D 인프라 운영의 전체 세부 정보,안랩,성남 분당구,https://kr.indeed.com/rc/clk?jk=a29417437cee6d1b&fccid=0b88b2af6686dd2b&vjs=3
[배달로봇 및 자율자동차] 펌웨어 및 SW개발 엔지니어 C++ /Python의 전체 세부 정보,mobilio,성남 판교동,https://kr.indeed.com/company/Mobilio/jobs/%ED%8E%8C%EC%9B%A8%EC%96%B4-%EB%B0%8F-Sw%EA%B0%9C%EB%B0%9C-%EC%97%94%EC%A7%80%EB%8B%88%EC%96%B4-C-2cbf34d49e21e42f?fccid=12cf3454520ecc81&vjs=3
[2023 전문연구요원] AI R&D-Language AI의 전체 세부 정보,엔씨소프트,성남 판교역,https://kr.indeed.com/rc/clk?jk=7da87f6985949b06&fccid=a1e4e21b1f33cf40&vjs=3
(3200만이상/분당)만도연구소 소프트웨어 개발/검증 연구보조의 전체 세부 정보,휴먼앤,성남 분당구,https://kr.indeed.com/rc/clk?jk=84610059d3552ef1&fccid=9e33daf2a0f7b19b&vjs=3
페이코 데이터 사이언티스트의 전체 세부 정보,NHN,성남 판교역,https://kr.indeed.com/rc/clk?jk=91599c97ad418418&fccid=a72ebaf825acf7af&vjs=3
딥러닝 AI 개발 연구원의 전체 세부 정보,베이리스,성남 수정구,https://kr.indeed.com/rc/clk?jk=87309d3ff40ead61&fccid=ce871e9e4a9f430a&vjs=3
[글로벌보안본부] 정보보안 담당자의 전체 세부 정보,Nexon,경기도 성남,https://kr.indeed.com/rc/clk?jk=e372fd6147cb340e&fccid=aba87288e4cc3687&vjs=3
한국행동과학연구소 전산직의 전체 세부 정보,한국행동과학연구소,서울 강남구,https://kr.indeed.com/rc/clk?jk=a4fd1b3afc25a790&fccid=bfea989faf5bd4e4&vjs=3
[네이버계열사][NIT Service] 네이버 파이낸셜 플랫폼 운영의 전체 세부 정보,엔아이티서비스,성남 분당구,https://kr.indeed.com/rc/clk?jk=e19fb1c3800e2abc&fccid=d389f1042b660837&vjs=3
Python Programmer의 전체 세부 정보,Mofac,서울 서초구,https://kr.indeed.com/rc/clk?jk=df21e3bb5d773616&fccid=6cddb172d498d15c&vjs=3
(인천 송도) 인공지능(AI)분야 Python 개발 인력 구인의 전체 세부 정보,주식회사 애나 관심기업,인천 송도동,https://kr.indeed.com/rc/clk?jk=c0fb9320f68bb3e7&fccid=2f6f10515ebbc33c&vjs=3
AI 모빌리티 서비스의 미래 함께 열어갈 우수한 인재 찾습니다.의 전체 세부 정보,라온로드,성남 분당구,https://kr.indeed.com/rc/clk?jk=5133adebeb209d23&fccid=3f9a516642f6114a&vjs=3
에프앤가이드 각 부문 신입 및 경력의 전체 세부 정보,에프앤가이드,서울 강서구,https://kr.indeed.com/rc/clk?jk=920d6c07c7d1fcb9&fccid=94a6c170510fa77e&vjs=3
풀스택 개발자 (python  javascript  php  gis)의 전체 세부 정보,한국해양기상기술,서울 구로구,https://kr.indeed.com/rc/clk?jk=0efbb31d10aed4bd&fccid=9a116f00e73f6791&vjs=3
AI 비전엔지니어부문 인재의 전체 세부 정보,신세계아이앤씨,서울 중구,https://kr.indeed.com/rc/clk?jk=7fdb743a06f60d24&fccid=7009e9adee12ff99&vjs=3
Lighthouse 인턴 채용의 전체 세부 정보,삼정 KPMG,서울 강남구,https://kr.indeed.com/rc/clk?jk=577dd792f6217346&fccid=7651bf7c7525e8f6&vjs=3
IT 인프라 운영 도구 개발의 전체 세부 정보,NHN Cloud,성남 판교역,https://kr.indeed.com/rc/clk?jk=ba6a0ebb6ad9cd18&fccid=a72ebaf825acf7af&vjs=3
[데브시스터즈] Data Analyst (Junior)의 전체 세부 정보,데브시스터즈,서울 강남구,https://kr.indeed.com/rc/clk?jk=ed5cc140dc878d55&fccid=58a9a803698a0afd&vjs=3
[데이터/마케팅/IT개발] 일반직(경력) 상시의 전체 세부 정보,한국평가데이터,서울 영등포구,https://kr.indeed.com/rc/clk?jk=15c7509b65eaa6e6&fccid=7936dc2e7d11e91f&vjs=3
웹개발  프론트엔드 신입/경력 계약직의 전체 세부 정보,뮤레파코리아,성남 수정구,https://kr.indeed.com/rc/clk?jk=f498a784c28d03bb&fccid=5fc71e9cbda0dfc6&vjs=3
AI/블록체인 개발자의 전체 세부 정보,시큐어링크,서울 구로구,https://kr.indeed.com/rc/clk?jk=defa6d34b48da188&fccid=898f0e9d97b2bff6&vjs=3
[아키텍처팀] AI엔지니어의 전체 세부 정보,씨에스리,서울 마포구,https://kr.indeed.com/rc/clk?jk=a6f81df478f46938&fccid=f1f32cf969091a05&vjs=3
셀프 인테리어 위한 AI 플랫폼 서비스 개발자의 전체 세부 정보,서르,성남 분당구,https://kr.indeed.com/rc/clk?jk=0a57a69a13126ff5&fccid=07eadb4558c294cb&vjs=3
Python 서버 어플리케이션 개발자의 전체 세부 정보,바인테크,서울 송파구,https://kr.indeed.com/rc/clk?jk=8a7c4886df34e482&fccid=aef44811e748bebe&vjs=3
[글로벌 대형 디지털마케팅 기업] CRM 데이터 분의 전체 세부 정보,국내 대기업 그룹 유통 계열사,서울 용산구,https://kr.indeed.com/company/%EC%99%B8%EA%B5%AD%EA%B3%84-%EB%8C%80%ED%98%95-%EB%94%94%EC%A7%80%ED%84%B8%EB%A7%88%EC%BC%80%ED%8C%85-%ED%9A%8C%EC%82%AC/jobs/Cr-bfa6b6e58b76b00b?fccid=1e02e235dd9382a8&vjs=3
ESG Research Intern의 전체 세부 정보,MSCI Inc,서울,https://kr.indeed.com/rc/clk?jk=a18a5474042a4ed0&fccid=c1f583e22ebf0f6e&vjs=3
[TaaS] Data Scientist[연구원  책임연구원]의 전체 세부 정보,현대자동차그룹,서울 강남구,https://kr.indeed.com/rc/clk?jk=67b03ffab1c536ba&fccid=980d6ecc399a3373&vjs=3
빅데이터 분석 담당자의 전체 세부 정보,에스케이스토아,서울 마포구,https://kr.indeed.com/rc/clk?jk=24ff5e43955faed4&fccid=16f22f46be5680cc&vjs=3
[Data] 백엔드 소프트웨어 엔지니어의 전체 세부 정보,한국카카오은행,성남 분당구,https://kr.indeed.com/rc/clk?jk=c5d559292e12bbea&fccid=aea6a13a3459fdb2&vjs=3
Backend Developer (EF Tribe/Python/Junior)의 전체 세부 정보,위대한상상,서울 서초구,https://kr.indeed.com/rc/clk?jk=8f41cd71cf4ca0cd&fccid=e8cc3946292de49a&vjs=3
[Data] 분석 데이터 엔지니어의 전체 세부 정보,한국카카오은행,성남 분당구,https://kr.indeed.com/rc/clk?jk=76ee838e234dfdac&fccid=aea6a13a3459fdb2&vjs=3
Junior Data Scientist의 전체 세부 정보,Logistics Management Institute,서울,https://kr.indeed.com/rc/clk?jk=ffcab40699b79c6b&fccid=12626f295bf6a003&vjs=3
Search Data Platform Engineer 영입의 전체 세부 정보,카카오페이,성남 분당구,https://kr.indeed.com/rc/clk?jk=4024219bbfb23e5e&fccid=c3aa6121be03065c&vjs=3
[중견코스닥] 기술혁신팀장 -부장급의 전체 세부 정보,커리어서포트,청주 청원구,https://kr.indeed.com/rc/clk?jk=4b50b3d982bfa2f3&fccid=beb8f34e9d1bf8e8&vjs=3
클라우드 서비스 개발자 영입의 전체 세부 정보,베스핀글로벌,성남 분당구,https://kr.indeed.com/rc/clk?jk=d244cbb8795b8cc1&fccid=d2a2cb2dc4e9a38f&vjs=3
[선행기술원] Machine Learning[책임연구원]의 전체 세부 정보,현대자동차그룹,성남 판교역,https://kr.indeed.com/rc/clk?jk=40e310eda5a03200&fccid=980d6ecc399a3373&vjs=3
Developer의 전체 세부 정보,SAP,서울,https://kr.indeed.com/rc/clk?jk=3f6212ee0c59481e&fccid=156c7820d1988640&vjs=3
[쿠팡] 로켓그로스 사업개발팀 비즈니스오너 (경력)의 전체 세부 정보,Coupang,서울,https://kr.indeed.com/rc/clk?jk=b08c40d21067ad80&fccid=56e12959d04ef145&vjs=3
English Data Linguist for AI Startup의 전체 세부 정보,MIND AI INC,서울 중구,https://kr.indeed.com/company/JNP-LAB/jobs/English-Data-Linguist-Ai-Startup-6838a87dfaacc92f?fccid=5cde252d550394d2&vjs=3
2022년 상반기 주식회사 쏘마 전 개발 직군 (백엔드  프론트엔드 외 신입/경력 정규직)의 전체 세부 정보,쏘마,성남 분당구,https://kr.indeed.com/rc/clk?jk=13ef6f86810c0843&fccid=a3463f311ce6421e&vjs=3
[ICT-VCS랩] 차량보안_Vehicle Cybersecurity (신입)[연구원]의 전체 세부 정보,현대자동차그룹,성남 판교역,https://kr.indeed.com/rc/clk?jk=e9dde247a0106af2&fccid=980d6ecc399a3373&vjs=3
OpenCV/MATLAB/TensorFlow/Python/C/C++/Linux 알고리즘 엔지니어의 전체 세부 정보,더마미러,서울 서초구,https://kr.indeed.com/rc/clk?jk=4121d39504f34871&fccid=f401a9b533c97602&vjs=3
Python Developer,Lemon.io,Latin America Only/Europe Only/Canada Only,https://weworkremotely.com/remote-jobs/lemon-io-python-developer-3
Senior Open Source Developer & DevOps (Python  Django  React  AWS/OpenStack),OpenCraft,Anywhere in the World,https://weworkremotely.com/remote-jobs/opencraft-senior-open-source-developer-devops-python-django-react-aws-openstack
Sr Python Developer,Solar Monkey,Anywhere in the World,https://weworkremotely.com/remote-jobs/solar-monkey-sr-python-developer
Senior Python Engineer: Long-term job - 100% remote,Proxify AB,Anywhere in the World,https://weworkremotely.com/remote-jobs/proxify-ab-senior-python-engineer-long-term-job-100-remote
Python Developer for Ambitious Startup (Remote),Soundsnap/ Beatopia,Europe Only,https://weworkremotely.com/remote-jobs/soundsnap-beatopia-python-developer-for-ambitious-startup-remote
(Senior) Python Full Stack Software Developer,Optimile,Europe Only,https://weworkremotely.com/remote-jobs/optimile-senior-python-full-stack-software-developer
Senior Full-stack Engineer with Python,NannyML,Anywhere in the World,https://weworkremotely.com/remote-jobs/nannyml-senior-full-stack-engineer-with-python
Senior Software Engineer  Python,AssemblyAI (YC 17),Anywhere in the World,https://weworkremotely.com/remote-jobs/assemblyai-yc-17-senior-software-engineer-python
Senior Python Developer - Full Remote ,Ebury,Latin America Only/Europe Only,https://weworkremotely.com/remote-jobs/ebury-senior-python-developer-full-remote-1
Python Developer - Remote,UpStack Technologies  Inc.,Americas Only/Europe Only,https://weworkremotely.com/remote-jobs/upstack-technologies-inc-python-developer-remote
Senior Backend Engineer (Python),TestGorilla,Anywhere in the World,https://weworkremotely.com/remote-jobs/testgorilla-senior-backend-engineer-python-9
Python Developer,Ampcontrol,USA Only/North America Only/Latin America Only/Americas Only/Europe Only/UK Only/Canada Only,https://weworkremotely.com/remote-jobs/ampcontrol-python-developer
Python Platform Engineer,Doximity,Americas Only,https://weworkremotely.com/remote-jobs/doximity-python-platform-engineer
Software Engineer - Backend/Python (100% Remote),Close,Anywhere in the World,https://weworkremotely.com/remote-jobs/close-software-engineer-backend-python-100-remote-1
Software Engineer in Test – Python – Cyprus  Greece or Remote ,XM,Anywhere in the World,https://weworkremotely.com/remote-jobs/xm-software-engineer-in-test-python-cyprus-greece-or-remote
Senior QA Software Test Automation Engineer – Python – Cyprus  Greece  Remote ,XM,Anywhere in the World,https://weworkremotely.com/remote-jobs/xm-senior-qa-software-test-automation-engineer-python-cyprus-greece-remote-3
